<?xml version="1.0" encoding="UTF-8" standalone="yes"?>
<addon id="service.psvue.epg" name="PS Vue EPG Build Service" version="2018.3.17" provider-name="eracknaphobia">
  <requires>
    <import addon="xbmc.python" version="2.25.0"/>
    <import addon="script.module.requests" version="2.9.1"/>
    <import addon="plugin.video.psvue" version="2018.2.15"/>
    <import addon="pvr.iptvsimple" version="2.4.14"/>
    <import addon="script.psvue.epg" version="2018.3.17"/>
  </requires>
  <extension point="xbmc.service" library="service.py" start="login" />
    <extension point="xbmc.addon.metadata">
    <platform>all</platform>
    <summary lang="en_GB">PS Vue EPG Build Service</summary>
  </extension>
</addon>
