<?xml version="1.0" encoding="UTF-8" standalone="yes"?>
<addon id="plugin.video.psvue" name="PS Vue" version="2017.4.21" provider-name="eracknaphobia">
  <requires>
   <import addon="xbmc.python" version="2.24.0"/> 
   <import addon="script.module.requests" version="2.9.1"/>         
  </requires>
  <extension point="xbmc.python.pluginsource" library="main.py">
        <provides>video</provides>
  </extension>  
  <extension point="xbmc.addon.metadata">    
    <platform>all</platform>
    <summary lang="en_GB">PS Vue</summary>
    <description lang="en_GB"></description>
    <disclaimer lang="en_GB"></disclaimer>
    <news>
- Beta
    </news>
    <language>en</language>
    <platform>all</platform>
    <license>GNU GENERAL PUBLIC LICENSE. Version 2, June 1991</license>
    <forum></forum>    
    <source>https://github.com/eracknaphobia/plugin.video.psvue</source>
    <assets>
      <icon>resources/icon.png</icon>
      <fanart>resources/fanart.jpg</fanart>
    </assets>
  </extension>
</addon>
