<?xml version="1.0" encoding="UTF-8" standalone="yes"?>
<addon id="plugin.video.nhlgcl" name="NHL TV™" version="2017.10.9" provider-name="eracknaphobia">
  <requires>
   <import addon="xbmc.python" version="2.24.0"/>
   <import addon="script.module.pytz" version="2014.2" />
   <import addon="script.module.beautifulsoup4" version="4.3.1" />
   <import addon="script.module.pil" version="1.1.7" />
   <import addon="script.module.requests" version="2.9.1"/>
  </requires>
  <extension point="xbmc.python.pluginsource" library="addon.py">
        <provides>video</provides>
  </extension>
  <extension point="xbmc.addon.metadata">
    <platform>all</platform>
    <summary lang="en">Watch out-of-market games from around the League on Kodi, with HD quality streaming</summary>
    <description lang="en">With NHL.TV you can access revolutionary 60fps (frames per second) video through Kodi</description>
    <disclaimer lang="en"></disclaimer>
    <news>
- Switched URL calls from urllib to requests
- Improved code behind CDN selection
- Fixed stream quality not being set in some cases
- Code Clean Up
    </news>
    <language>en</language>
    <platform>all</platform>
    <license>GNU GENERAL PUBLIC LICENSE. Version 2, June 1991</license>
    <forum>http://forum.kodi.tv/showthread.php?tid=243756</forum>
    <website></website>
    <email></email>
    <source>https://github.com/eracknaphobia/plugin.video.nhlgcl</source>
  </extension>
</addon>
