<?xml version="1.0" encoding="UTF-8" standalone="yes"?>
<addon id="script.module.adobepass" name="adobepass" version="2018.2.16" provider-name="eracknaphobia">
  <requires>
    <import addon="xbmc.python" version="2.25.0"/>
    <import addon="script.module.requests" version="2.9.1"/>
  </requires>
  <extension point="xbmc.python.module" library="lib" />
  <extension point="xbmc.addon.metadata">
    <platform>all</platform>    
    <summary lang="en_GB">Simplify authentication to services that use adobe pass</summary>
    <description lang="en_GB">Simplify Logins authentication services that use adobe pass</description>
    <disclaimer lang="en_GB"></disclaimer>
    <license>GNU GENERAL PUBLIC LICENSE. Version 2, June 1991</license>    
    <source>https://github.com/eracknaphobia/script.module.adobepass</source>
  </extension>
</addon>
