<?xml version="1.0" encoding="UTF-8" standalone="yes"?>
<addon id="plugin.video.psvue" name="PS Vue" version="2018.9.20" provider-name="eracknaphobia">
  <requires>
   <import addon="xbmc.python" version="2.25.0"/>
   <import addon="script.module.requests" version="2.9.1"/>
  </requires>
  <extension point="xbmc.python.pluginsource" library="main.py">
        <provides>video</provides>
  </extension>
  <extension point="xbmc.addon.metadata">
    <platform>all</platform>
    <summary lang="en_GB">PS Vue</summary>
    <description lang="en_GB">PlayStation™Vue is a TV service that streams live TV, movies, and sports on a variety of your favorite devices without a cable or satellite subscription.  With powerful features that allow you to save thousands of hours of your favorite shows without recording conflicts, and Premium channels that can be purchased individually or with a multi-channel plan, TV has never been the same. No annual contracts, no conflicts, no problems.</description>
    <disclaimer lang="en_GB">Requires a valid subscription to PS Vue which is currently only available in the US</disclaimer>
    <news>
        - Add EPG reset mode, which is callable from PS EPG Service
        - Only set resume time when necessary
        - Add next and previous page to Movies section
        - Add Playback settings to enable/disable inputstream adaptive for ps vue
        - Add Playback setting to enable/disable using alternate stream url
        - Add Trending Live section
    </news>
    <language>en</language>
    <platform>all</platform>
    <license>GNU GENERAL PUBLIC LICENSE. Version 2, June 1991</license>
    <forum>http://forum.kodi.tv/showthread.php?tid=312858</forum>
    <source>https://github.com/eracknaphobia/plugin.video.psvue</source>
    <assets>
      <icon>resources/icon.png</icon>
      <fanart>resources/fanart.jpg</fanart>
    </assets>
  </extension>
</addon>
