<?xml version="1.0" encoding="UTF-8" standalone="yes"?>
<addon id="plugin.video.nbcsnliveextra" name="NBC Sports Live Extra" version="2018.8.15" provider-name="eracknaphobia">
  <requires>
    <import addon="xbmc.python" version="2.19.0"/>
    <import addon="script.module.simplejson" version="3.3.0"/>
    <import addon="script.module.adobepass" version="2018.2.16"/>
    <import addon="script.module.requests" version="2.9.1"/>
  </requires>
  <extension point="xbmc.python.pluginsource" library="nbcsn.py">
        <provides>video</provides>
  </extension>

  <extension point="xbmc.addon.metadata">
    <platform>all</platform>
    <summary lang="en">Watch NBCSN Live Extra</summary>
    <description lang="en">NBC Sports Live Extra is a service that allows you to watch NBC Sports coverage of live events from NBC and NBCSports Network</description>
    <disclaimer lang="en"></disclaimer>
    <language>en</language>
    <platform>all</platform>
    <license>GNU GENERAL PUBLIC LICENSE. Version 2, June 1991</license>
    <forum>http://forum.kodi.tv/showthread.php?tid=207159</forum>
  </extension>
</addon>
