<?xml version="1.0" encoding="UTF-8" standalone="yes"?>
<addon id="service.psvue.epg" name="PS Vue EPG Build Service" version="2018.4.18" provider-name="eracknaphobia">
  <requires>
    <import addon="plugin.video.psvue" version="2018.2.15"/>
    <import addon="script.module.requests" version="2.9.1"/>
    <import addon="xbmc.python" version="2.25.0"/>
  </requires>
   <extension point="xbmc.service" library="service.py" start="startup" />
  <extension point="xbmc.addon.metadata">
    <platform>all</platform>
    <summary lang="en">PS Vue EPG Build Service</summary>
    <news>
- Bug fixes
    </news>
  </extension>
</addon>
