<?xml version="1.0" encoding="UTF-8" standalone="yes"?>
<addon id="plugin.video.amaproracing" name="AMA Pro Racing" version="2017.1.18" provider-name="eracknaphobia">
  <requires>
     <import addon="xbmc.python" version="2.1.0"/>   
     <import addon="script.module.simplejson" version="3.3.0"/>  
     <import addon="plugin.video.youtube" version="4.4.10"/>   
  </requires>
  <extension point="xbmc.python.pluginsource" library="main.py">
        <provides>video</provides>
  </extension>  
  <extension point="xbmc.addon.metadata">    
    <platform>all</platform>
    <summary lang="en">Watch everything AMA Pro Racing</summary>
    <description lang="en">The AMA is the largest motorsports organization in the world, overseeing 80 professional and more than 4,000 amateur events each year. Watch live and archived full-length races, highlights and more.</description>
    <disclaimer lang="en"></disclaimer>
    <language>en</language>
    <platform>all</platform>
    <license>GNU GENERAL PUBLIC LICENSE. Version 2, June 1991</license>
    <forum>http://forum.kodi.tv/showthread.php?tid=229688</forum>
    <website></website>
    <email></email>
    <source></source>
  </extension>
</addon>
