<?xml version="1.0" encoding="UTF-8" standalone="yes"?>
<addon id="plugin.video.crackle" name="Crackle" version="2017.3.24" provider-name="eracknaphobia">
  <requires>
   <import addon="xbmc.python" version="2.25.0"/>                
  </requires>
  <extension point="xbmc.python.pluginsource" library="main.py">
        <provides>video</provides>
  </extension>  
  <extension point="xbmc.addon.metadata">    
    <platform>all</platform>
    <summary lang="en_GB">Crackle info here</summary>
    <description lang="en_GB">Crackle info here</description>
    <disclaimer lang="en_GB"></disclaimer>
    <language>en</language>
    <platform>all</platform>
    <license>GNU GENERAL PUBLIC LICENSE. Version 2, June 1991</license>
    <forum></forum>    
    <source>https://github.com/eracknaphobia/plugin.video.crackle</source>
  </extension>
</addon>
