<?xml version="1.0" encoding="UTF-8" standalone="yes"?>
<addon id="plugin.video.nhlgcl" name="NHL TV™" version="2017.1.24" provider-name="eracknaphobia">
  <requires>
   <import addon="xbmc.python" version="2.19.0"/>   
   <import addon="script.module.simplejson" version="3.3.0"/>  
   <import addon="script.module.pytz" version="2014.2" />   
   <import addon="script.module.beautifulsoup4" version="4.3.1" /> 
   <import addon="script.module.pil" version="1.1.7" /> 
  </requires>
  <extension point="xbmc.python.pluginsource" library="main.py">
        <provides>video</provides>
  </extension>  
  <extension point="xbmc.addon.metadata">    
    <platform>all</platform>
    <summary lang="en">Watch out-of-market games from around the League on Kodi, with HD quality streaming</summary>
    <description lang="en">With NHL.TV you can access revolutionary 60fps (frames per second) video through Kodi</description>
    <disclaimer lang="en"></disclaimer>
    <language>en</language>
    <platform>all</platform>
    <license>GNU GENERAL PUBLIC LICENSE. Version 2, June 1991</license>
    <forum>http://forum.kodi.tv/showthread.php?tid=243756</forum>
    <website></website>
    <email></email>
    <source>https://github.com/eracknaphobia/plugin.video.nhlgcl</source>
  </extension>
</addon>
